tool	library	arch	chain	found	seconds	extract_seconds	status	chain_text
pwntools	libc_debian_aarch64.so	aarch64	mprotect_aarch64	False	0.0002	1.0692	not-found	
rop3	libc_debian_aarch64.so	aarch64	mprotect_aarch64	True	0.1761	2.813	found	[libc_debian_aarch64.so @ 0x49c40]: ldr x0, [sp, #0x78] ; [90mldp x29, x30, [sp], #0xc0[0m ; [90mret[0m (x3) [93m(modifies lr, fp)[0m\n[libc_debian_aarch64.so @ 0xe815c]: ldr x1, [sp, #0x70] ; ldp x19, x20, [sp, #0x10] ; ldp x21, x22, [sp, #0x20] ; ldp x23, x24, [sp, #0x30] ; ldp x25, x26, [sp, #0x40] ; ldp x27, x28, [sp, #0x50] ; str x2, [x1] ; [90mldp x29, x30, [sp], #0x80[0m ; [90mret[0m [93m(modifies x19, x26, x24, x23, x22, x25, x27, x28, x20, lr, fp, x21)[0m\n[libc_debian_aarch64.so @ 0x11c608]: ldr x2, [sp, #0x90] ; mov w0, #-2 ; str w1, [x2] ; ldp x23, x24, [sp, #0x30] ; [90mldp x29, x30, [sp], #0xa0[0m ; [90mret[0m [93m(modifies x24, x23, w0, lr, fp)[0m\n[libc_debian_aarch64.so @ 0xe6f44]: mov x8, #0xe2 ; svc #0 [93m(modifies lr, x8)[0m
ropper	libc_debian_aarch64.so	aarch64	mprotect_aarch64	False			unsupported	
pwntools	libc_debian_aarch64.so	aarch64	syscall_exec_aarch64	False	0.0023	1.0522	not-found	
rop3	libc_debian_aarch64.so	aarch64	syscall_exec_aarch64	True	0.7242	2.8632	found	[libc_debian_aarch64.so @ 0x298e4]: ldr x23, [sp, #0x30] ; [90mldp x29, x30, [sp], #0x40[0m ; [90mret[0m (x139) [93m(modifies lr, fp)[0m\n[libc_debian_aarch64.so @ 0x308e4]: ldr x19, [sp, #0x10] ; [90mldp x29, x30, [sp], #0x20[0m ; [90mret[0m (x136) [93m(modifies lr, fp)[0m\n[libc_debian_aarch64.so @ 0x9493c]: str x23, [x19] ; ldp x19, x20, [sp, #0x10] ; ldp x21, x22, [sp, #0x20] ; ldp x23, x24, [sp, #0x30] ; [90mldp x29, x30, [sp], #0x40[0m ; [90mret[0m [93m(modifies x24, x23, x22, x20, lr, fp, x21)[0m\n[libc_debian_aarch64.so @ 0x298e4]: ldr x23, [sp, #0x30] ; [90mldp x29, x30, [sp], #0x40[0m ; [90mret[0m (x139) [93m(modifies lr, fp)[0m\n[libc_debian_aarch64.so @ 0x308e4]: ldr x19, [sp, #0x10] ; [90mldp x29, x30, [sp], #0x20[0m ; [90mret[0m (x136) [93m(modifies lr, fp)[0m\n[libc_debian_aarch64.so @ 0x9493c]: str x23, [x19] ; ldp x19, x20, [sp, #0x10] ; ldp x21, x22, [sp, #0x20] ; ldp x23, x24, [sp, #0x30] ; [90mldp x29, x30, [sp], #0x40[0m ; [90mret[0m [93m(modifies x24, x23, x22, x20, lr, fp, x21)[0m\n[libc_debian_aarch64.so @ 0x11c608]: ldr x2, [sp, #0x90] ; mov w0, #-2 ; str w1, [x2] ; ldp x23, x24, [sp, #0x30] ; [90mldp x29, x30, [sp], #0xa0[0m ; [90mret[0m [93m(modifies x24, x23, w0, lr, fp)[0m\n[libc_debian_aarch64.so @ 0x298e4]: ldr x23, [sp, #0x30] ; [90mldp x29, x30, [sp], #0x40[0m ; [90mret[0m (x139) [93m(modifies lr, fp)[0m\n[libc_debian_aarch64.so @ 0x33580]: mov x0, x23 ; ldp x23, x24, [sp, #0x30] ; [90mldp x29, x30, [sp], #0x50[0m ; [90mret[0m [93m(modifies lr, fp, x23, x24)[0m\n[libc_debian_aarch64.so @ 0xe815c]: ldr x1, [sp, #0x70] ; ldp x19, x20, [sp, #0x10] ; ldp x21, x22, [sp, #0x20] ; ldp x23, x24, [sp, #0x30] ; ldp x25, x26, [sp, #0x40] ; ldp x27, x28, [sp, #0x50] ; str x2, [x1] ; [90mldp x29, x30, [sp], #0x80[0m ; [90mret[0m [93m(modifies x19, x26, x24, x23, x22, x25, x27, x28, x20, lr, fp, x21)[0m\n[libc_debian_aarch64.so @ 0xbb984]: mov x8, #0xdd ; svc #0 [93m(modifies lr, x8)[0m
ropper	libc_debian_aarch64.so	aarch64	syscall_exec_aarch64	False			unsupported	
pwntools	libc_debian_amd64.so	x86_64	mprotect_amd64	True	0.001	1.3771	found	0x0000:          0xfd6cd pop rdx; ret\n0x0008:              0x7 [arg2] rdx = 7\n0x0010:          0x29419 pop rsi; ret\n0x0018:           0x1000 [arg1] rsi = 4096\n0x0020:          0x27c65 pop rdi; ret\n0x0028:           0x1000 [arg0] rdi = 4096\n0x0030:         0x101100 mprotect
rop3	libc_debian_amd64.so	x86_64	mprotect_amd64	True	0.2573	2.777	found	[libc_debian_amd64.so @ 0x27c65]: pop rdi ; [90mret[0m (x548)\n[libc_debian_amd64.so @ 0x29419]: pop rsi ; [90mret[0m (x183)\n[libc_debian_amd64.so @ 0xfd6cd]: pop rdx ; [90mret[0m (x2)\n[libc_debian_amd64.so @ 0x3f587]: pop rax ; [90mret[0m (x30)\n[libc_debian_amd64.so @ 0x26468]: syscall
ropper	libc_debian_amd64.so	x86_64	mprotect_amd64	True	9.2592		found	[*] Try permuation 1 / 24\n\n\n\n\n#!/usr/bin/env python\n# Generated by ropper ropchain generator #\nfrom struct import pack\n\np = lambda x : pack('Q', x)\n\nshellcode = '\\xcc'*100\n\nIMAGE_BASE_0 = 0x0000000000000000 # 115cd5896c5f9719252094143ff82b0a83ee0eb6d8c295dcb724baf6ea904844\nrebase_0 = lambda x : p(x + IMAGE_BASE_0)\n\n\nrop = ''\nrop += rebase_0(0x0000000000027c65) # 0x0000000000027c65: pop rdi; ret; \nrop += p(0x0000000000001000)\nrop += rebase_0(0x0000000000029419) # 0x0000000000029419: pop rsi; ret; \nrop += p(0x0000000000001000)\nrop += rebase_0(0x00000000000fd6cd) # 0x00000000000fd6cd: pop rdx; ret; \nrop += p(0x0000000000000007)\nrop += rebase_0(0x000000000003f587) # 0x000000000003f587: pop rax; ret; \nrop += p(0x000000000000000a)\nrop += rebase_0(0x00000000000853b2) # 0x00000000000853b2: syscall; ret; \nrop += rebase_0(0x000000000003162a) # 0x000000000003162a: call rsp; \nrop += shellcode\n\nprint(rop)
pwntools	libc_debian_amd64.so	x86_64	syscall_exec_amd64	True	0.0019	1.359	found	0x0000:          0xfd6cd pop rdx; ret\n0x0008:              0x0 [arg2] rdx = 0\n0x0010:          0x29419 pop rsi; ret\n0x0018:              0x0 [arg1] rsi = 0\n0x0020:          0x27c65 pop rdi; ret\n0x0028:         0x19604f [arg0] rdi = 1663055\n0x0030:          0xd4060 execve
rop3	libc_debian_amd64.so	x86_64	syscall_exec_amd64	True	0.7791	3.0417	found	[libc_debian_amd64.so @ 0x278e9]: pop r12 ; [90mret[0m (x292)\n[libc_debian_amd64.so @ 0x27b6c]: pop rbp ; [90mret[0m (x704)\n[libc_debian_amd64.so @ 0x55937]: mov qword ptr [rbp + 8], r12 ; pop rbx ; pop rbp ; pop r12 ; [90mret[0m (x2) [93m(modifies r12, rbx)[0m\n[libc_debian_amd64.so @ 0x278e9]: pop r12 ; [90mret[0m (x292)\n[libc_debian_amd64.so @ 0x27b6c]: pop rbp ; [90mret[0m (x704)\n[libc_debian_amd64.so @ 0x55937]: mov qword ptr [rbp + 8], r12 ; pop rbx ; pop rbp ; pop r12 ; [90mret[0m (x2) [93m(modifies r12, rbx)[0m\n[libc_debian_amd64.so @ 0x27c65]: pop rdi ; [90mret[0m (x548)\n[libc_debian_amd64.so @ 0x29419]: pop rsi ; [90mret[0m (x183)\n[libc_debian_amd64.so @ 0xfd6cd]: pop rdx ; [90mret[0m (x2)\n[libc_debian_amd64.so @ 0x3f587]: pop rax ; [90mret[0m (x30)\n[libc_debian_amd64.so @ 0x26468]: syscall
ropper	libc_debian_amd64.so	x86_64	syscall_exec_amd64	False	4.8202		not-found	
pwntools	libc_debian_amd64.so	x86_64	turing_amd64	False			unsupported	
rop3	libc_debian_amd64.so	x86_64	turing_amd64	False	1.3024	2.9866	not-found	
ropper	libc_debian_amd64.so	x86_64	turing_amd64	False			unsupported	
pwntools	libc_debian_riscv.so	riscv64	mprotect_riscv	False			unsupported	
rop3	libc_debian_riscv.so	riscv64	mprotect_riscv	False	3.1992	3.1523	not-found	
ropper	libc_debian_riscv.so	riscv64	mprotect_riscv	False			unsupported	
pwntools	libc_debian_riscv.so	riscv64	syscall_exec_riscv	False			unsupported	
rop3	libc_debian_riscv.so	riscv64	syscall_exec_riscv	True	3.2255	3.0352	found	[libc_debian_riscv.so @ 0xb5e94]: [90mld ra, 0x418(sp)[0m ; ld s0, 0x410(sp) ; addi sp, sp, 0x420 ; [90mc.jr ra[0m [93m(modifies ra)[0m\n[libc_debian_riscv.so @ 0x35c98]: [90mc.ldsp ra, 8(sp)[0m ; c.mv a0, s0 ; c.ldsp s0, 0(sp) ; c.addi sp, 0x10 ; [90mc.jr ra[0m (x24) [93m(modifies s0, ra)[0m\n[libc_debian_riscv.so @ 0xb5e94]: [90mld ra, 0x418(sp)[0m ; ld s0, 0x410(sp) ; addi sp, sp, 0x420 ; [90mc.jr ra[0m [93m(modifies ra)[0m\n[libc_debian_riscv.so @ 0x3532a]: [90mc.ldsp ra, 0x38(sp)[0m ; c.mv a1, s0 ; c.ldsp s0, 0x30(sp) ; c.ldsp s2, 0x20(sp) ; c.ldsp s3, 0x18(sp) ; c.ldsp s4, 0x10(sp) ; c.ldsp s5, 8(sp) ; c.ldsp s6, 0(sp) ; c.mv a0, s1 ; c.ldsp s1, 0x28(sp) ; c.addi16sp sp, 0x40 ; [90mc.jr ra[0m [93m(modifies a0, ra, s3, s1, s5, s6, s4, s2, s0)[0m\n[libc_debian_riscv.so @ 0x447ee]: [90mld ra, 0x458(sp)[0m ; ld s0, 0x450(sp) ; ld s1, 0x448(sp) ; addi sp, sp, 0x460 ; [90mc.jr ra[0m [93m(modifies s0, ra)[0m\n[libc_debian_riscv.so @ 0x5af94]: c.ldsp a0, 8(sp) ; [90mc.ldsp ra, 0x18(sp)[0m ; c.addi16sp sp, 0x20 ; [90mc.jr ra[0m [93m(modifies ra)[0m\n[libc_debian_riscv.so @ 0xb01fe]: c.sd a0, 8(s1) ; [90mc.ldsp ra, 0x28(sp)[0m ; c.ldsp s0, 0x20(sp) ; c.ldsp s1, 0x18(sp) ; c.ldsp s2, 0x10(sp) ; c.ldsp s3, 8(sp) ; c.addi16sp sp, 0x30 ; [90mc.jr ra[0m [93m(modifies s0, s2, ra, s3)[0m\n[libc_debian_riscv.so @ 0x591f6]: c.ld a2, 0(s1) ; c.ld a3, 8(s1) ; c.ld a4, 0x10(s1) ; c.ld a5, 0x20(s0) ; sd s1, 0x1c8(s0) ; [90mc.ldsp ra, 0x18(sp)[0m ; c.sd a2, 0xf8(s0) ; sd a3, 0x100(s0) ; sd a4, 0x108(s0) ; c.sd a5, 0x18(s0) ; c.sd a5, 8(s0) ; c.sd a5, 0x10(s0) ; c.ldsp s0, 0x10(sp) ; c.ldsp s1, 8(sp) ; c.addi16sp sp, 0x20 ; [90mc.jr ra[0m [93m(modifies a3, ra, s1, a5, a4, s0)[0m\n[libc_debian_riscv.so @ 0x94cd0]: addi a7, zero, 0xdd ; ecall [93m(modifies a7)[0m
ropper	libc_debian_riscv.so	riscv64	syscall_exec_riscv	False			unsupported	
pwntools	libc_debian_x86.so	x86	mprotect_x86	True	0.0012	1.4682	found	0x0000:         0x11bfd0 mprotect(0x1000, 0x1000, 7)\n0x0004:          b'baaa' <return address>\n0x0008:           0x1000 arg0\n0x000c:           0x1000 arg1\n0x0010:              0x7 arg2
rop3	libc_debian_x86.so	x86	mprotect_x86	True	0.2607	3.7375	found	[libc_debian_x86.so @ 0x2e11b]: pop ebx ; [90mret[0m (x1052)\n[libc_debian_x86.so @ 0x393cb]: pop ecx ; pop edx ; [90mret[0m [93m(modifies edx)[0m\n[libc_debian_x86.so @ 0x393cc]: pop edx ; [90mret[0m\n[libc_debian_x86.so @ 0x32289]: pop eax ; [90mret[0m (x12)
ropper	libc_debian_x86.so	x86	mprotect_x86	True	9.4445		found	[*] Try permuation 1 / 24\n\n\n\n#!/usr/bin/env python\n# Generated by ropper ropchain generator #\nfrom struct import pack\n\np = lambda x : pack('I', x)\n\nshellcode = '\\xcc'*100\n\nIMAGE_BASE_0 = 0x00000000 # 021029ebcd56f03b077149ffa0bf16bb631be48a92b9b10fb5040a271b66a620\nrebase_0 = lambda x : p(x + IMAGE_BASE_0)\n\n\nrop = ''\nrop += rebase_0(0x0002e11b) # 0x0002e11b: pop ebx; ret; \nrop += p(0x00001000)\nrop += rebase_0(0x00098020) # 0x00098020: pop ecx; add al, 0xf6; ret; \nrop += p(0x00001000)\nrop += rebase_0(0x000393cc) # 0x000393cc: pop edx; ret; \nrop += p(0x00000007)\nrop += rebase_0(0x00032289) # 0x00032289: pop eax; ret; \nrop += p(0x0000007d)\n\n# ADD HERE SYSCALL GADGET\n\nrop += rebase_0(0x00030ed7) # 0x00030ed7: push esp; ret; \nrop += shellcode\n\nprint(rop)
pwntools	libc_debian_x86.so	x86	syscall_exec_x86	True	0.0021	1.5115	found	0x0000:          0xdf7b0 execve(0x1b5fc8, 0, 0)\n0x0004:          b'baaa' <return address>\n0x0008:         0x1b5fc8 arg0\n0x000c:              0x0 arg1\n0x0010:              0x0 arg2
rop3	libc_debian_x86.so	x86	syscall_exec_x86	True	1.2506	3.6954	found	[libc_debian_x86.so @ 0x23725]: pop esi ; [90mret[0m (x607)\n[libc_debian_x86.so @ 0x23a5d]: pop edi ; [90mret[0m (x846)\n[libc_debian_x86.so @ 0x13df22]: mov dword ptr [edi], esi ; pop ebx ; pop esi ; pop edi ; [90mret[0m (x3) [93m(modifies esi, ebx)[0m\n[libc_debian_x86.so @ 0x23725]: pop esi ; [90mret[0m (x607)\n[libc_debian_x86.so @ 0x23a5d]: pop edi ; [90mret[0m (x846)\n[libc_debian_x86.so @ 0x13df22]: mov dword ptr [edi], esi ; pop ebx ; pop esi ; pop edi ; [90mret[0m (x3) [93m(modifies esi, ebx)[0m\n[libc_debian_x86.so @ 0x23725]: pop esi ; [90mret[0m (x607)\n[libc_debian_x86.so @ 0x23a5d]: pop edi ; [90mret[0m (x846)\n[libc_debian_x86.so @ 0x13df22]: mov dword ptr [edi], esi ; pop ebx ; pop esi ; pop edi ; [90mret[0m (x3) [93m(modifies esi, ebx)[0m\n[libc_debian_x86.so @ 0x2e11b]: pop ebx ; [90mret[0m (x1052)\n[libc_debian_x86.so @ 0x393cb]: pop ecx ; pop edx ; [90mret[0m [93m(modifies edx)[0m\n[libc_debian_x86.so @ 0x393cc]: pop edx ; [90mret[0m\n[libc_debian_x86.so @ 0x32289]: pop eax ; [90mret[0m (x12)
ropper	libc_debian_x86.so	x86	syscall_exec_x86	False	4.8314		not-found	
pwntools	libmergedlo_debian_aarch64.so	aarch64	mprotect_aarch64	False	0.0015	21.7803	not-found	
rop3	libmergedlo_debian_aarch64.so	aarch64	mprotect_aarch64	False	1.0583	94.8117	not-found	
ropper	libmergedlo_debian_aarch64.so	aarch64	mprotect_aarch64	False			unsupported	
pwntools	libmergedlo_debian_aarch64.so	aarch64	syscall_exec_aarch64	False	0.0549	21.4846	not-found	
rop3	libmergedlo_debian_aarch64.so	aarch64	syscall_exec_aarch64	False	4.2909	94.8	not-found	
ropper	libmergedlo_debian_aarch64.so	aarch64	syscall_exec_aarch64	False			unsupported	
pwntools	libmergedlo_debian_amd64.so	x86_64	mprotect_amd64	True	0.0175	31.1536	found	0x0000:         0xdaba04 pop rax; ret\n0x0008:              0xf [arg0] rax = SYS_rt_sigreturn\n0x0010:         0xd18127 syscall\n0x0018:              0x0 uc_flags\n0x0020:              0x0 &uc\n0x0028:              0x0 uc_stack.ss_sp\n0x0030:              0x0 uc_stack.ss_flags\n0x0038:              0x0 uc_stack.ss_size\n0x0040:              0x0 r8\n0x0048:              0x0 r9\n0x0050:              0x0 r10\n0x0058:              0x0 r11\n0x0060:              0x0 r12\n0x0068:              0x0 r13\n0x0070:              0x0 r14\n0x0078:              0x0 r15\n0x0080:           0x1000 rdi\n0x0088:           0x1000 rsi\n0x0090:              0x0 rbp\n0x0098:              0x0 rbx\n0x00a0:              0x7 rdx\n0x00a8:              0xa rax = SYS_mprotect\n0x00b0:              0x0 rcx\n0x00b8:              0x0 rsp\n0x00c0:         0xd18127 syscall\n0x00c8:              0x0 eflags\n0x00d0:             0x33 csgsfs\n0x00d8:              0x0 err\n0x00e0:              0x0 trapno\n0x00e8:              0x0 oldmask\n0x00f0:              0x0 cr2\n0x00f8:              0x0 &fpstate\n0x0100:              0x0 __reserved\n0x0108:              0x0 sigmask
rop3	libmergedlo_debian_amd64.so	x86_64	mprotect_amd64	True	0.787	64.5666	found	[libmergedlo_debian_amd64.so @ 0x101b9fd]: pop rdi ; [90mret[0m (x13399)\n[libmergedlo_debian_amd64.so @ 0x101131b]: pop rsi ; [90mret[0m (x4655)\n[libmergedlo_debian_amd64.so @ 0x1067952]: pop rdx ; [90mret[0m (x71)\n[libmergedlo_debian_amd64.so @ 0x10e0433]: pop rax ; [90mret[0m (x292)\n[libmergedlo_debian_amd64.so @ 0xd18127]: syscall
ropper	libmergedlo_debian_amd64.so	x86_64	mprotect_amd64	True	1287.8825		found	[*] Try permuation 1 / 24\n\n\n\n\n#!/usr/bin/env python\n# Generated by ropper ropchain generator #\nfrom struct import pack\n\np = lambda x : pack('Q', x)\n\nshellcode = '\\xcc'*100\n\nIMAGE_BASE_0 = 0x0000000000000000 # e387b9efc6e02ed0059627465d60bf7b9e0a593b10250a92761a59ab49959845\nrebase_0 = lambda x : p(x + IMAGE_BASE_0)\n\n\nrop = ''\nrop += rebase_0(0x0000000000d5bc39) # 0x0000000000d5bc39: pop rdi; ret; \nrop += p(0x0000000000001000)\nrop += rebase_0(0x0000000000d1b9c8) # 0x0000000000d1b9c8: pop rsi; ret; \nrop += p(0x0000000000001000)\nrop += rebase_0(0x0000000000d18912) # 0x0000000000d18912: pop rdx; ret; \nrop += p(0x0000000000000007)\nrop += rebase_0(0x0000000000daba04) # 0x0000000000daba04: pop rax; ret; \nrop += p(0x000000000000000a)\n\n# ADD HERE SYSCALL GADGET\n\nrop += rebase_0(0x0000000000d46acb) # 0x0000000000d46acb: call rsp; \nrop += shellcode\n\nprint(rop)
pwntools	libmergedlo_debian_amd64.so	x86_64	syscall_exec_amd64	True	0.0977	31.8904	found	0x0000:         0xdaba04 pop rax; ret\n0x0008:              0xf [arg0] rax = SYS_rt_sigreturn\n0x0010:         0xd18127 syscall\n0x0018:              0x0 uc_flags\n0x0020:              0x0 &uc\n0x0028:              0x0 uc_stack.ss_sp\n0x0030:              0x0 uc_stack.ss_flags\n0x0038:              0x0 uc_stack.ss_size\n0x0040:              0x0 r8\n0x0048:              0x0 r9\n0x0050:              0x0 r10\n0x0058:              0x0 r11\n0x0060:              0x0 r12\n0x0068:              0x0 r13\n0x0070:              0x0 r14\n0x0078:              0x0 r15\n0x0080:        0x36ed391 rdi\n0x0088:              0x0 rsi\n0x0090:              0x0 rbp\n0x0098:              0x0 rbx\n0x00a0:              0x0 rdx\n0x00a8:             0x3b rax = SYS_execve\n0x00b0:              0x0 rcx\n0x00b8:              0x0 rsp\n0x00c0:         0xd18127 syscall\n0x00c8:              0x0 eflags\n0x00d0:             0x33 csgsfs\n0x00d8:              0x0 err\n0x00e0:              0x0 trapno\n0x00e8:              0x0 oldmask\n0x00f0:              0x0 cr2\n0x00f8:              0x0 &fpstate\n0x0100:              0x0 __reserved\n0x0108:              0x0 sigmask
rop3	libmergedlo_debian_amd64.so	x86_64	syscall_exec_amd64	True	2.2578	63.3899	found	[libmergedlo_debian_amd64.so @ 0x101131b]: pop rsi ; [90mret[0m (x4655)\n[libmergedlo_debian_amd64.so @ 0x1012341]: pop rbp ; [90mret[0m (x25014)\n[libmergedlo_debian_amd64.so @ 0x1d7ba36]: mov qword ptr [rbp + 0x70], rsi ; add rsp, 0x10 ; pop rbp ; [90mret[0m [93m(modifies rflags)[0m\n[libmergedlo_debian_amd64.so @ 0x101131b]: pop rsi ; [90mret[0m (x4655)\n[libmergedlo_debian_amd64.so @ 0x1012341]: pop rbp ; [90mret[0m (x25014)\n[libmergedlo_debian_amd64.so @ 0x1d7ba36]: mov qword ptr [rbp + 0x70], rsi ; add rsp, 0x10 ; pop rbp ; [90mret[0m [93m(modifies rflags)[0m\n[libmergedlo_debian_amd64.so @ 0x101b9fd]: pop rdi ; [90mret[0m (x13399)\n[libmergedlo_debian_amd64.so @ 0x101131b]: pop rsi ; [90mret[0m (x4655)\n[libmergedlo_debian_amd64.so @ 0x1067952]: pop rdx ; [90mret[0m (x71)\n[libmergedlo_debian_amd64.so @ 0x10e0433]: pop rax ; [90mret[0m (x292)\n[libmergedlo_debian_amd64.so @ 0xd18127]: syscall
ropper	libmergedlo_debian_amd64.so	x86_64	syscall_exec_amd64	False	487.4645		not-found	
pwntools	libmergedlo_debian_amd64.so	x86_64	turing_amd64	False			unsupported	
rop3	libmergedlo_debian_amd64.so	x86_64	turing_amd64	True	5.924	78.8646	found	[libmergedlo_debian_amd64.so @ 0x1067952]: pop rdx ; [90mret[0m (x71)\n[libmergedlo_debian_amd64.so @ 0x1067952]: pop rdx ; [90mret[0m (x71)\n[libmergedlo_debian_amd64.so @ 0x101131a]: pop r14 ; [90mret[0m (x4517)\n[libmergedlo_debian_amd64.so @ 0x25a63f0]: mov rax, qword ptr [rdx + 0x2d0] ; [90mret[0m\n[libmergedlo_debian_amd64.so @ 0x1cbf468]: add rax, r14 ; pop r13 ; pop r14 ; [90mret[0m (x2) [93m(modifies r13, rflags, r14)[0m\n[libmergedlo_debian_amd64.so @ 0x13255db]: mov rax, qword ptr [rax] ; [90mret[0m (x36)\n[libmergedlo_debian_amd64.so @ 0x12583ba]: add rax, rdx ; [90mret[0m (x19) [93m(modifies rflags)[0m\n[libmergedlo_debian_amd64.so @ 0x35396db]: mov rdx, qword ptr [rax] ; mov qword ptr [rax + 8], rdx ; [90mret[0m\n[libmergedlo_debian_amd64.so @ 0x12db628]: add rax, 8 ; [90mret[0m (x59) [93m(modifies rflags)[0m\n[libmergedlo_debian_amd64.so @ 0x13255db]: mov rax, qword ptr [rax] ; [90mret[0m (x36)\n[libmergedlo_debian_amd64.so @ 0x16636a0]: mov qword ptr [rdx + 0x10], rax ; [90mret[0m\n[libmergedlo_debian_amd64.so @ 0x12db628]: add rax, 8 ; [90mret[0m (x59) [93m(modifies rflags)[0m\n[libmergedlo_debian_amd64.so @ 0x13255db]: mov rax, qword ptr [rax] ; [90mret[0m (x36)\n[libmergedlo_debian_amd64.so @ 0x149f311]: add rdx, rax ; [90mret[0m (x2) [93m(modifies rflags)[0m\n[libmergedlo_debian_amd64.so @ 0x12db628]: add rax, 8 ; [90mret[0m (x59) [93m(modifies rflags)[0m\n[libmergedlo_debian_amd64.so @ 0x13255db]: mov rax, qword ptr [rax] ; [90mret[0m (x36)\n[libmergedlo_debian_amd64.so @ 0x146f8bc]: push rax ; pop rbp ; mov bh, bh ; mov rax, rbx ; pop rbx ; [90mret[0m [93m(modifies rax, rbx)[0m\n[libmergedlo_debian_amd64.so @ 0x1097303]: leave ; [90mret[0m (x86) [93m(modifies rbp)[0m\n[libmergedlo_debian_amd64.so @ 0xd1308c]: nop
ropper	libmergedlo_debian_amd64.so	x86_64	turing_amd64	False			unsupported	
pwntools	libmergedlo_debian_riscv.so	riscv64	mprotect_riscv	False			unsupported	
rop3	libmergedlo_debian_riscv.so	riscv64	mprotect_riscv	False	107.4659	113.7903	not-found	
ropper	libmergedlo_debian_riscv.so	riscv64	mprotect_riscv	False			unsupported	
pwntools	libmergedlo_debian_riscv.so	riscv64	syscall_exec_riscv	False			unsupported	
rop3	libmergedlo_debian_riscv.so	riscv64	syscall_exec_riscv	False	112.6848	112.1998	not-found	
ropper	libmergedlo_debian_riscv.so	riscv64	syscall_exec_riscv	False			unsupported	
pwntools	zlib1g_aarch64_libz.so.1	aarch64	mprotect_aarch64	False	0.0014	0.1129	not-found	
rop3	zlib1g_aarch64_libz.so.1	aarch64	mprotect_aarch64	False	0.1299	0.1893	not-found	
ropper	zlib1g_aarch64_libz.so.1	aarch64	mprotect_aarch64	False			unsupported	
pwntools	zlib1g_aarch64_libz.so.1	aarch64	syscall_exec_aarch64	False	0.0001	0.113	not-found	
rop3	zlib1g_aarch64_libz.so.1	aarch64	syscall_exec_aarch64	False	0.4394	0.1658	not-found	
ropper	zlib1g_aarch64_libz.so.1	aarch64	syscall_exec_aarch64	False			unsupported	
pwntools	zlib1g_amd64_libz.so.1	x86_64	mprotect_amd64	False	0.0018	0.1468	not-found	
rop3	zlib1g_amd64_libz.so.1	x86_64	mprotect_amd64	False	0.1888	0.126	not-found	
ropper	zlib1g_amd64_libz.so.1	x86_64	mprotect_amd64	True	0.5808		found	[*] Try permuation 1 / 24\n[*] Try permuation 2 / 24\n[*] Try permuation 3 / 24\n[*] Try permuation 4 / 24\n[*] Try permuation 5 / 24\n[*] Try permuation 6 / 24\n[*] Try permuation 7 / 24\n[*] Try permuation 8 / 24\n[*] Try permuation 9 / 24\n[*] Try permuation 10 / 24\n[*] Try permuation 11 / 24\n[*] Try permuation 12 / 24\n[*] Try permuation 13 / 24\n[*] Try permuation 14 / 24\n[*] Try permuation 15 / 24\n[*] Try permuation 16 / 24\n[*] Try permuation 17 / 24\n[*] Try permuation 18 / 24\n[*] Try permuation 19 / 24\n[*] Try permuation 20 / 24\n[*] Try permuation 21 / 24\n[*] Try permuation 22 / 24\n[*] Try permuation 23 / 24\n[*] Try permuation 24 / 24\n\n\n\n\n\n\n#!/usr/bin/env python\n# Generated by ropper ropchain generator #\nfrom struct import pack\n\np = lambda x : pack('Q', x)\n\nshellcode = '\\xcc'*100\n\nIMAGE_BASE_0 = 0x0000000000000000 # 800f3150ab353d8c6692fb8fbcec5443819cae58ee0cafec0bb9ea1a09730fa0\nrebase_0 = lambda x : p(x + IMAGE_BASE_0)\n\n\nrop = ''\n# Filled registers: rdi, rsi, \nrop += rebase_0(0x00000000000035f5) # 0x00000000000035f5: pop rdi; ret; \nrop += p(0x0000000000001000)\nrop += rebase_0(0x0000000000006f42) # 0x0000000000006f42: pop rsi; ret; \nrop += p(0x0000000000001000)\n\n# ADD HERE SYSCALL GADGET\n\nrop += rebase_0(0x000000000000a215) # 0x000000000000a215: call rsp; \nrop += shellcode\n\nprint(rop)
pwntools	zlib1g_amd64_libz.so.1	x86_64	syscall_exec_amd64	False	0.0001	0.1207	not-found	
rop3	zlib1g_amd64_libz.so.1	x86_64	syscall_exec_amd64	False	0.4745	0.1212	not-found	
ropper	zlib1g_amd64_libz.so.1	x86_64	syscall_exec_amd64	False	0.3989		not-found	
pwntools	zlib1g_amd64_libz.so.1	x86_64	turing_amd64	False			unsupported	
rop3	zlib1g_amd64_libz.so.1	x86_64	turing_amd64	False	0.7865	0.1002	not-found	
ropper	zlib1g_amd64_libz.so.1	x86_64	turing_amd64	False			unsupported	
pwntools	zlib1g_riscv_libz.so.1	riscv64	mprotect_riscv	False			unsupported	
rop3	zlib1g_riscv_libz.so.1	riscv64	mprotect_riscv	False	0.4509	0.1635	not-found	
ropper	zlib1g_riscv_libz.so.1	riscv64	mprotect_riscv	False			unsupported	
pwntools	zlib1g_riscv_libz.so.1	riscv64	syscall_exec_riscv	False			unsupported	
rop3	zlib1g_riscv_libz.so.1	riscv64	syscall_exec_riscv	False	0.5249	0.1617	not-found	
ropper	zlib1g_riscv_libz.so.1	riscv64	syscall_exec_riscv	False			unsupported	
pwntools	zlib1g_x86_libz.so.1	x86	mprotect_x86	False	0.0017	0.1292	not-found	
rop3	zlib1g_x86_libz.so.1	x86	mprotect_x86	False	0.1791	0.1545	not-found	
ropper	zlib1g_x86_libz.so.1	x86	mprotect_x86	True	0.5229		found	[*] Try permuation 1 / 24\n[*] Try permuation 2 / 24\n[*] Try permuation 3 / 24\n[*] Try permuation 4 / 24\n[*] Try permuation 5 / 24\n[*] Try permuation 6 / 24\n[*] Try permuation 7 / 24\n[*] Try permuation 8 / 24\n[*] Try permuation 9 / 24\n[*] Try permuation 10 / 24\n[*] Try permuation 11 / 24\n[*] Try permuation 12 / 24\n[*] Try permuation 13 / 24\n[*] Try permuation 14 / 24\n[*] Try permuation 15 / 24\n[*] Try permuation 16 / 24\n[*] Try permuation 17 / 24\n[*] Try permuation 18 / 24\n[*] Try permuation 19 / 24\n[*] Try permuation 20 / 24\n[*] Try permuation 21 / 24\n[*] Try permuation 22 / 24\n[*] Try permuation 23 / 24\n[*] Try permuation 24 / 24\n\n\n\n\n#!/usr/bin/env python\n# Generated by ropper ropchain generator #\nfrom struct import pack\n\np = lambda x : pack('I', x)\n\nshellcode = '\\xcc'*100\n\nIMAGE_BASE_0 = 0x00000000 # f34523e22249c7fb2d6b84e7935ee0c8afd74c0bdf409833c40f22869f9ecf01\nrebase_0 = lambda x : p(x + IMAGE_BASE_0)\n\n\nrop = ''\n# Filled registers: ebx, \nrop += rebase_0(0x0000201e) # 0x0000201e: pop ebx; ret; \nrop += p(0x00001000)\n\n# ADD HERE SYSCALL GADGET\n\n\n# ADD HERE JMP ESP\n\nrop += shellcode\n\nprint(rop)
pwntools	zlib1g_x86_libz.so.1	x86	syscall_exec_x86	False	0.0001	0.1253	not-found	
rop3	zlib1g_x86_libz.so.1	x86	syscall_exec_x86	False	0.6036	0.1369	not-found	
ropper	zlib1g_x86_libz.so.1	x86	syscall_exec_x86	False	0.3748		not-found	
